sentiment_class,label,content
positif,1,bagus aplikasi baru baru tidak transaksi pakai linkaja aplikasi mudah guna tidak ribet manfaat
negatif,0,aplikasi burik masuk nomor indihome bilang tidak daftar kenal nomor bayar
positif,1,aplikasi myindihome rekomendasi guna wifi biaya jangkau pakai wifi lancar tidak ada kendala rekomen pokok
positif,1,aplikasi mantap guna lacak guna erti bulan giga
negatif,0,fup cepat habis cepat penuh lambat moga baik langgan indihome tidak kabur belah
positif,1,praktis efisien aplikasi myindihome
negatif,0,fup cepat penuh langgan biaya belah ada produk icon milik pln fup
positif,1,bagus
positif,1,bantu perihal ecek tagih total pakai kuota baru tawar
positif,1,jelas tidak ada sembunyi baik promosi
positif,1,bagus
positif,1,jos
negatif,0,indihome mahal internet jelek pakai fup iconet masuk mending pindah aja murah tolong kasih promo langgan langgan pikirin langgan tidak pindah saing indihome lebar indihome kasih promo langgan langgan kabur
negatif,0,jaring ilang tolong indihome kualitas tingkat
positif,1,aplikasi bagus mudah guna fitur mudah paham
positif,1,aplikasi indihome bagus guna jaring lancar banget rekomendasi banget mula
negatif,0,mohon mudah langgan bebas akses beli fitur cepat refreshment masalah
positif,1,pakai temu kendala tidak nyaman moga lancar baik
positif,1,indihome mantap
positif,1,mantap
negatif,0,aplikasi ribet fitur pindah turun kelas baru paket adakan fitur
positif,1,aplikasi myindihome bagus rekomendasi banget mula fitur guna pilih
positif,1,aplikasi mudah guna fitur nyaman
negatif,0,baru cepat tera baru cepat hati
positif,1,mantap
positif,1,manfaat bagus
positif,1,aplikasi myindihome bagus rekomendasi aplikasi mudah guna program tarik
positif,1,alam pakai aplikasi myindihome bantu fitur fitur bayar fitur pusat bantu cepat tanggap guna bantu alami kendala ganggu
positif,1,aplikasi bantu mudah kece
negatif,0,koneksi ampas
negatif,0,aplikasi tidak tukar poin hadiah aja abad tidak
positif,1,layan baik internet lancar bagus
positif,1,bantu putus
positif,1,aplikasi mudah guna program tarik layan cepat
positif,1,aplikasi bagus mudah guna tidak ribet manfaat banget pokok
negatif,0,tidak becus anjir teknisi bohong bilang sakit alat tidak ada tidak kerja tidak alas ktp kirim
negatif,0,aplikasi buka muncul
positif,1,mantap
negatif,0,adu gagal
positif,1,aplikasi indihome rekomen banget fitur lengkap detail jelas pokok top mantap baik indihome
positif,1,mantap layan jarang ganggu syukur banget
negatif,0,lambat respon
positif,1,aplikasi bagus rekomendasi guna pokok mantap banget
negatif,0,mantap jaring terkadang aja error bantu tolong pegawai jutek tolong jaring error router error butuh solusi butuh jutek
positif,1,cepat akurat
positif,1,cepat muas salin salin lumayan stabil pecah akses poin
positif,1,aplikasi indihome bagus tampil mudah paham fitur fitur tarik promo
positif,1,rekomendasi
positif,1,aplikasi myindihome bantu banget langgan internet cepat mudah fitur mudah paham mantap
positif,1,mudah guna aplikasi ringan mudah erti fitur bantu terima kasih myindihome
positif,1,aplikasi myindihome rekomendasi layan mudah paham fitur fiturnya jelas
positif,1,aplikasi ringan mudah guna tidak lambat moga depan baik kerja
positif,1,mantap bantu kece status data
positif,1,aplikasi bagus manfaat
positif,1,aplikasi myindihome bagus informasi mudah akses fitur layan merespon tangan kendala terima kasih myindihome
negatif,0,wifi sampah
positif,1,fitur fitur manfaat mudah guna tidak bikin pusing gaptek
positif,1,aplikasi bagus beli voucher game online mantap
positif,1,aplikasi bagus mudah
positif,1,aplikasi indihome super kencang tidak lambat suka banget moga langgan
positif,1,bagus
positif,1,aplikasi myindihome gampang guna rekomendasi banget
negatif,0,lambat parah tagih nomor layan bintang
positif,1,aplikasi myindihome bagus rekomendasi aplikasi mudah guna program layan tarik putus banget terima kasih alas kasih bintang aplikasi myindihome bagus banget guna transaksi cepat aman terima kasih
positif,1,mantap
negatif,0,langgan layan buruk menarwarkan fasilitas tolak kesal tutup telepon telpon tanggal mei cs wanita akun indihome nama asti milawati tidak sopan cs tidak tau aju adu mana tulis
negatif,0,baru baru melulu
positif,1,bantu
positif,1,bagus
positif,1,layan muas
positif,1,guna indihome aplikasi bantu lihat tagih pakai pokok guna banget
positif,1,bagi guna indihome manfaat aplikasi aplikasi lihat tagih pakai lengkap pokok bantu banget aplikasi
positif,1,sat set mantap
positif,1,minim kendala koneksi rekomendasi pasang layan indihome
positif,1,mantap
negatif,0,unduh aplikasi pas daftar lengkap isi tidak daftar tolong baik
positif,1,moga depan kembang pakai lancar aja kadang lag fitur tarik
negatif,0,aja aja aja
positif,1,bantu indihome terima kasih
positif,1,keren manfaat
positif,1,aplikasi bagus ada fitur tukar poin diskon bayar tagih blibli shopee marketplace tarik mati adakan tukar poin diskon bayar tagih
positif,1,layan indihome baru aplikasi myindihome manfaat fitur adu layan guna layan indihome fitur hadir lengkap mudah guna tagih bayar guna internet aktivasi layan baru cepat internet telepon tv box cloud storage
negatif,0,sinyal lag
positif,1,mantap
positif,1,aplikasi myindihome bagus rekomendasi aplikasi myindihome mudah nyaman kelola layan indihome mana tahan kualitas
positif,1,aplikasi bantu mudah fitur myindihome langsung tagih internet repot bayar tagih jarang ada ganggu cepat internet mantap
positif,1,layan bagus
negatif,0,tidak login tunggu jam tidak login
negatif,0,aplikasi jelek
positif,1,aplikasi bagus mudah paham tanggulang cepat selesai
positif,1,unduh tampil info jelas mantap
positif,1,program program layan tawar indihome tarik hubung teknisi mudah ada cek status jaring riwayat guna data perangkat hubung wifi pokok rekomendasi banget
positif,1,aplikasi myindihome rekomendasi mudah guna hubung teknisi ada aplikasi simpel layan tarik
positif,1,aplikasi bagus bantu
positif,1,mantap
positif,1,bantu
positif,1,aplikasi mudah langgan indihome manfaat terima kasih aplikasi
positif,1,telepon telemarketer indihome menarwarkan aktif video tambah baru cepat internet mbps bps gratis info jelas detail banget sayang putus telepon jalan moga indihome jaga kualitas ganggu
positif,1,bagus
positif,1,mantap
negatif,0,kesini lambat pas tanggal tanggal hari habis baleho ingat laku bayar banget pas gilir jaring masalah mati indihome tidak hubung telkom indihome usaha profesional tambah minggu mati ganti aja nama indihome langgan kecewa
positif,1,mohon jaring depan baik
positif,1,aplikasi guna indihome fitur tawar tarik
positif,1,baik
positif,1,mantap banget bintang bicara
positif,1,aplikasi bagus tidak berat tawar tarik
positif,1,aplikasi bantu
positif,1,mantap
positif,1,tampil bagus enak lengkap fitur
positif,1,tawar sedia aplikasi myindihome tarik
negatif,0,lapor susah internet putus
positif,1,aplikasi bagus rekomendasi banget mudah paham jelas fitur fitur lengkap
positif,1,desain aplikasi bagus mudah produk status paket aktif guna ada baik detail rincian paket aktif detail rincian tagih bayar pisah paket utama add ons upspeed tambah langgan detail pakai bulan detail fup internet guna batas fup
positif,1,semenjak indihome tidak ada lancar aman
negatif,0,indihome super lambat lag sangga jaring kacau kendala
negatif,0,optimalisasi jaring koneksi buruk kasih hujan langsung turun langgan coba pikir sesal tahun
positif,1,mantap
negatif,0,indihome
positif,1,rekomendasi banget unduh mudah banget guna pasti manfaat
positif,1,bagus
positif,1,mantap
positif,1,bagus
positif,1,informatif
positif,1,bagus aplikasi
positif,1,tangan cepat
negatif,0,tingkat jaring tidak ada ubah lambat mbps tidak ada
positif,1,aplikasi indihome untung manfaat mudah akses fitur fitur agam program program tarik tawar promo baik pokok baik indihome
positif,1,mantap
positif,1,indihome aplikasi mudah transaksi tingkat alam mudah
negatif,0,tidak jelas wifi ngelag ngelag hilang hilang jaring
positif,1,mudah
positif,1,bagus
positif,1,aplikasi bagus rekomendasi lihat tagih wifi bulan plaza telkom keren
positif,1,rekomendasi fitur tarik guna mudah indihome rumah
positif,1,bagus aplikasi bantu
positif,1,mantap bantu
positif,1,aplikasi guna indihome bantu tau tagih bayar keren banget
negatif,0,aplikasi lambat buka menu pakai data gagal tampil
negatif,0,provider tolol
negatif,0,wifi indihome pakai main game lambat parah
positif,1,aplikasi bagus akses mudah rekomendasi pasang akses langsung pakai aplikasi mudah cepat simpel
positif,1,aplikasi bagus mudah aplikasi promo program variatif sempurna
positif,1,ui aplikasi bagus mudah bayar wifi indihome
positif,1,aplikasi guna banget
positif,1,layan sat set
positif,1,mantap
positif,1,layan bagus
positif,1,aplikasi mantap mudah guna mana tampil bagus gampang erti rekomendasi banget orang tidak ribet
negatif,0,aplikasi jelek lambat kembang ganti server bagus sakit malu swasta
positif,1,bagus kerja
negatif,0,susah akses mohon baik
positif,1,aplikasi mantap moga maju
positif,1,aplikasi bantu guna indihome mudah guna tingkat
positif,1,pakai praktis tidak ribet cs ramah cepat respon
positif,1,aplikasi rekomendasi mudah guna fitur mudah paham adu cepat respon alhamdulillah indihome
positif,1,bagus
positif,1,tahan
positif,1,layan cepat jaga kualitas layan moga indihome jaya
positif,1,cs cepat respon kendala alami cepat selesai ketimbang menginstal aplikasi myindihome promo harga jangkau semangat indihome tingkat kualitas
negatif,0,pakai moga data tidak masuk tagih masuk
positif,1,mantap
negatif,0,aplikasi error tidak adu keluh wifi bulan bayar mahal kecewa layan
positif,1,tinjau jujur pakai myindihome bantu banget jelas ayah kerja kuliah adik sekolah pandemi kemarin sekolah online tambah ada indihome useetv bantu channel lengkap tidak buka channel
positif,1,pasang wifi rumah cek aja aplikasi myindihome sedia paket murah sinyal ngebut banget pokok pasang wifi rumah pakai indihome
positif,1,jaman sekolah percaya aplikasi bantu muda paham fitur lengkap
positif,1,aplikasi bagus mudah guna bantu aplikasi fitur tambah kaya perangkat hubung aju klaim ganggu cek tagih atur jadwal pelihara
positif,1,aplikasi indihome bagus mudah paham fitur fitur bagus rekomendasi banget
positif,1,aplikasi tarik rekomendasi guna program tarik
positif,1,indihome mantap pokok
positif,1,bagus kali coba indihome layan super cepat aplikasi bantu terima kasih myindihome
positif,1,aplikasi indihome tidak lambat pakai wifi rumah pakai wifi indihome mantap banget tidak lambat cs ramah
positif,1,baik ada ganggu cepat atas
positif,1,keren ubah kait kendala sigap
positif,1,aplikasi indihome bagus rekomendasi layan baik sinyal bagus
positif,1,bagus aplikasi bantu manfaat
positif,1,bagus
positif,1,bagus aplikasi myindihome bantu fitur mudah erti
positif,1,mantap
positif,1,ikut langgan indihome sekolah online anak sekolah normal kesini rasa manfaat indihome butuh huni rumah unduh aplikasi indihome mudah akses fitur lengkap cek tagih mudah bayar gampang shopee terima kasih indihome
positif,1,aplikasi mantap aplikasi terima layan tarik sesuai pokok terima kasih tarik pakai aplikasi indihome aktif bagi kuota internet moga
positif,1,mantap aplikasi
negatif,0,aju pasang januari proses
negatif,0,aplikasi sampah tidak tau logout gilir login sandi kadaluarsa riset gilir reset kali token email kirim kadaluarsa akun blokir tidak mutu banget sampah tidak sesuai bayar mahal
positif,1,bagus manfaat guna transparan
positif,1,bagus mudah
positif,1,mantap
positif,1,bagus
positif,1,aplikasi fitur fitur bantu mudah guna
negatif,0,tambah id langgan tidak maksimal verifikasi identitas tidak mohon baik
negatif,0,tidak ramah
positif,1,layan baik internet jarang ada kendala langgan peduli baik layan cepat ramah
positif,1,indihome bagus
positif,1,bagus aplikasi guna banget mudah guna
positif,1,gerak cepat
positif,1,cepat internet cepat baik ada kendala cinta
positif,1,bagus mudah aktivitas
positif,1,bantu
positif,1,rekomendasi banget langgan indihome rumah pribadi tau layan layan ui tarik banget
positif,1,aplikasi mudah guna indihome ada ganggu wifi langsung lapor aplikasi aja langsung tangan teknisi
positif,1,jaring bagus layan bagus bagus
positif,1,aplikasi bantu
positif,1,fitur bantu sulit baik mantap
positif,1,mudah sisa kuota tagih wifi
positif,1,aplikasi mudah guna tidak bingung langsung transaksi aplikasi
positif,1,bagus banget aplikasi gampang guna
positif,1,bagus banget aplikasi praktis
positif,1,bagus aplikasi mudah guna
positif,1,aplikasi lengkap fitur lapor ganggu layan indihome cek tagih cek poin myindihome info pakai layan tarik rekomendasi mudah guna
positif,1,aplikasi bagus bantu guna
positif,1,aplikasi bagus mudah guna
positif,1,aplikasi myindihome bantu fitur fitur mudah beli paket baik minggu layan baik online
positif,1,fitur fasilitas aplikasi myindihome manfaat isi tarik tampil mantap tidak lambat guna aplikasi mudah giat hubung internet milik layan jangkau mudah indihome baik
positif,1,aplikasi mudah guna bayar tagih tidak rumah aplikasi langsung
positif,1,aplikasi bagus rekomendasi aplikasi tidak bikin bingung mudah guna ragu pakai aplikasi bingung sulit aplikasi mudah guna layan aplikasi layan bagus cepat respon ramah fitur guna aplikasi pokok cocok aplikasi
positif,1,puas
negatif,0,kecewa layan indihome tele tidak saran layan indihome tele janji pasang jam siang jam malam nyata suruh tunggu besok
positif,1,puas
positif,1,aplikasi myindihome mudah guna bantu tidak ribet rumah bayar tagih indihome promo myindihome
positif,1,aplikasi jalan cepat ganggu layan myindihome respon cepat jaring ganggu myindihome langsung menindaklanjuti top
positif,1,tidak berat hp mudah akses tidak ribet cepat tanggap
negatif,0,aplikasi diupdate tidak adu
positif,1,aplikasi myindihome rekomendasi fitur guna
positif,1,myindihome kesini kerja ubah baik layan prima maju
positif,1,mantap baik layan indihome kencang stabil jaring internet
positif,1,aplikasi untung tawar tarik ada adu mudah tinggal chat aja bagus aplikasi
negatif,0,aplikasi lambat hp sinyal halaman aplikasi aja loadingnya putar
positif,1,rekomendasi tahun pakai indihome jarang banget lag aplikasi mudah bayar bagus poin tukar voucher
positif,1,aplikasi rekomendasi fitur fitur manfaat mudah pakai bagus kerja
positif,1,aplikasi myindihome bantu aplikasi cepat wifi pakai indihome milik channel tv konten seru beharap indihome depan stabil jaya
positif,1,aplikasi bantu guna rekomendasi teman wifi pilih aja indihome
positif,1,program tarik mudah guna tampil sederhana mudah erti layan tingkat
positif,1,aplikasi myindihome bantu
positif,1,pasang cepat transparan
positif,1,indihome keren fitur mudah erti aman
positif,1,bagus aplikasi promonya tampil aplikasi simpel tidak bikin bingung guna top banget
positif,1,aplikasi banget promonya jelas promonya mudah paham suka banget aplikasi informatif fitur banget bagus banget
positif,1,sinyal kuat biaya golong murah rekomendasi banget pokok
positif,1,aplikasi bantu kontrol tagih fitur gampang banget paham cek status jaring riwayat guna data perangkat hubung terima kasih indihome bantu
negatif,0,bayar pakai wifi indihome sinyal kaya hutang aja sinyal lambat
positif,1,aplikasi bagus cepat bayar
positif,1,jaring indihome baik teman rumah pakai jaring wifi promonya tarik banget pakai indihome layan mudah cerna wifi rekomendasi pokok
positif,1,aplikasi mudah guna bantu guna indihome
positif,1,aplikasi myindihome bagus guna tampil mudah paham cs ramah
negatif,0,muncul ingat jaring isolir ganggu tidak ganti password wifi manual
positif,1,guna indihome senang banget mantap aplikasi fitur bantu apa mudah cepat banget cek tagih lapor ada ganggu serba cepat suka banget pokok
positif,1,aplikasi myindihome bantu mudah guna aplikasi pantau sinyal riwayat guna data pokok rekomendasi
positif,1,mudah kontrol guna wifi
positif,1,aplikasi mudah guna bagus rekomendasi
negatif,0,coba bingung masuk nomor indihome
positif,1,aja
positif,1,terima kasih myindihome bantu urus indihome biaya bulan murah
positif,1,mudah ganti password wifi
negatif,0,jaring kalah ribu
positif,1,guna myindihome senang banget tau ada aplikasi bantu fitur bagus
positif,1,pakai aplikasi myindihome baru kali aplikasi baik tampil tarik
positif,1,bagus internet rekomendasi
positif,1,suka banget aplikasi bagus kerja tim myindihome guna myindihome bantu aplikasi
positif,1,aplikasi keren banget fitur tarik bantu guna indihome
positif,1,respon cepat minta adu aplikasi langsung selesai
positif,1,aplikasi mudah guna fitur tarik pantau teknisi tidak repot pantau aplikasi
positif,1,guna indihome bantu aplikasi myindihome ui tarik bikin betah proses proses aplikasi
positif,1,mager aplikasi bantu bagus sesuai segi tampil top kasih bintang bantu moga kembang guna mudah aplikasi
positif,1,bagus banget indihome program program tarik terupdate lancar rekomendasi
positif,1,aplikasi bantu pakai layan indihome tampil aplikasi bagus tarik mata tidak jenuh pakai aplikasi
positif,1,aplikasi bantu banget ecek layan indihome rekomendasi pokok
positif,1,aplikasi bagus banget langgan indihome aktivasi ott video streaming lapor ganggu layan indihome cek tagih layan tarik
positif,1,bagus
positif,1,bagus
positif,1,milik promo tarik tampil mudah paham mudah guna terima kasih indihome
positif,1,aplikasi bagus mudah guna rekomendasi banget
positif,1,aplikasi mudah ada internet indihome gampang lapor via indihome pokok puas aplikasi myindihome
positif,1,bagus
negatif,0,kelas indihome buka aplikasi aja lambat banget
positif,1,layan baik keluh apa respon terima kasih kasih bebas set top box langgan
negatif,0,percaya indihome pasang aja tugas sok baik sok ramah dengar komplain orang pindah tugas sok budek tidak dengar keluh orang ada pindah wifi gtu aja ada proses nama nama tidak nyaman langgan
negatif,0,aplikasi tolol pakai jaring bilang error kontol
positif,1,aplikasi mudah akses informasi bantu
positif,1,mantap coba indihome
positif,1,aplikasi guna banget bantu
positif,1,provider internet baik turut jaring stabil jangkau pelosok kampung langgan layan tanggap layan keluh komplain ada ganggu aplikasi cepat selesai moga depan jaga puas langgan setia indihome bravo telkom
positif,1,layan bagus
positif,1,mantap dah harga mahal puas
positif,1,suka
positif,1,aplikasi bagus mudah pakai
positif,1,aplikasi bagus bantu mudah
positif,1,aplikasi mudah guna tidak bingung langsung transaksi aplikasi
positif,1,aplikasi myindihome versi baru gampang banget daftar layan indihome ada fitur tarik kaya beli paket internet minggu bulan paket game khusus game kirim lapor ganggu wifi masalah tidak antri cabang telkom kirim lapor aplikasi tinggal tunggu teknisi rumah atas wifi mantap
positif,1,bagus kerja
positif,1,aplikasi guna banget guna indihome keluarga tidak khawatir tinggal tanggal tagih
positif,1,teknisi garcep tentu
positif,1,bagus kerja
negatif,0,indihome lambat main bayar tidak telat
positif,1,bagus
positif,1,baik cepat terima kasih indihome
positif,1,mudah kontrol wifi rumah
positif,1,puas
negatif,0,cepat tidak sesuai paket
negatif,0,ganggu parah
positif,1,aplikasi bagus bantu
positif,1,mantap
positif,1,fitur aplikasi mudah paham guna bantu pantau wifi rumah
negatif,0,wifi indihome lambat gilir tagih jaring lambat biarin aja
positif,1,aplikasi mantap
positif,1,aplikasi bagus mudah akses layan indihome tidak ribet kantor promonya mantap sukses indihome
negatif,0,wifi tidak koneksi mohon aktif
positif,1,mantap
positif,1,pasang indihome instal aplikasi myindihome mudah pantau bayar paket bulan aplikasi indihome mudah percaya akurat moga myindihome depan maju
negatif,0,ganggu massal tangan
positif,1,aplikasi bantu mudah paham mula aplikasi indihome bantu pantau tagih pakai wifi aju keluh langgan layan cepat respon
positif,1,bagus banget aplikasi ecek bayar tagih indihome promo
positif,1,aplikasi mudah guna fitur fitur mudah guna nyaman aplikasi aplikasi mudah koneksi internet
negatif,0,login tidak wifi ganggu mekanik tidak
positif,1,aplikasi bagus banget unduh cocok pakai indihome pasang indihome fitur lengkap ada lapor layan bagus unduh myindihome
positif,1,mantap
positif,1,fitur menu mudah paham jarang ngebug pokok mantap cek butuh wifi hp
positif,1,pakai aplikasi bantu ada kendala tangan cepat respon tampil sederhana fitur tidak ribet mudah erti promo pokok rekomendasi banget
positif,1,bagus benar aktivitas batas
positif,1,tampil simpel menu tidak buruk mudah erti tidak ribet pantau koneksi cek tagih top bintang
positif,1,guna adu layan simpel
positif,1,aplikasi bagus kali unduh fitur lengkap banget cocok banget mula wifi layan cepat respon
negatif,0,lambat parah tidak aplikasi tidak providernya
positif,1,aplikasi bagus mudah guna bantu terima kasih indihome
positif,1,mantap banget bantu
positif,1,aplikasi bantu banget tunjuk pas mudah paham moga tingkat kualitas
positif,1,padan segi koneksi cepat
positif,1,fitur mudah paham tidak ribet
positif,1,keluh respon cepat
positif,1,puas
positif,1,aplikasi bantu pilih paket langgan fitur bagus mudah erti
positif,1,aplikasi jalan lancar tampil ui mudah erti lancar mantap
positif,1,mudah langgan banget tau tagih kelola uang rumah tangga rekomen abis
positif,1,mantap mantap
positif,1,aplikasi mudah erti guna tampil simpel tidak bikin pusing bingung
positif,1,aplikasi bagus bantu fitur mudah paham layan baik
positif,1,aplikasi mudah guna indihome gampang lihat tagih ada langsung komplain praktis pokok mantap
positif,1,guna bantu aplikasi lancar mudah akses tampil aplikasi enak lihat
positif,1,guna indihome bantu aplikasi simpel mudah guna info kendala koneksi wifi restart modem teknisi tertawa terima kasih myindihome
positif,1,bagus sinyal stabil
positif,1,aplikasi bantu mudah pakai dati fitur mudah paham mudah kendali android relevan coba
positif,1,aplikasi bantu guna indihome pakai lancar tidak ada kendala mudah erti fitur sukses kembang
positif,1,mudah bayar tagih indihome
positif,1,keren banget fitur bantu
positif,1,aplikasi bantu atur wifi fitur layan manfaat
positif,1,tampil bagus mudah erti tawar spesial
positif,1,aplikasi bantu mudah paham
positif,1,bantu
positif,1,mantap pakai indihome jarang banget ada sekali ada cepat selesai
positif,1,daftar mudah tidak ribet fitur fitur mudah paham
positif,1,aplikasi myindihome mudah guna fitur guna
positif,1,cek tagih lihat promo aplikasi myindihome
positif,1,mantap
positif,1,aplikasi bantu banget fitur mudah paham aplikasi lancar tidak bug mudah pantau koneksi wifi rumah
positif,1,aplikasi kontrol id langgan super mudah bantu gerai telkomsel baring administrasi selesai
positif,1,aplikasi bagus banget paket murah indihome jaring luas
negatif,0,aplikasi jelek
positif,1,pakai indihome rumah myindihome guna optimalisasi wifi rumah tidak ganggu mudah ganti password mudah nambah paket habis manfaat
positif,1,aplikasi bantu
negatif,0,aplikasi payah login aja susah
positif,1,ada ganggu cepat tanggap terima kasih moga puas langgan
positif,1,aplikasi bagus mulus lancar uinya mudah paham layan mantap saran bayar qris biar mudah bayar terima kasih
negatif,0,henti pakai alamat pasang tidak daftar akun tidak tera alamat daftar kasih alamat akurat alamat pas cek tidak tera aplikasi solusi suruh
positif,1,aplikasi kece banget tidak ragu fitur fitur lengkap banget tampil super kece cinta banget aplikasi
positif,1,aplikasi bantu banget guna mudah aplikasi rekomendasi banget tidak sesal unduh
positif,1,aplikasi mudah guna simpel tidak bingung langgan layan lumayan moga baik jaring
positif,1,aplikasi rekomendasi jelas tidak ribet bayar poin kumpul tukar mudah pakai kualitas kuat tidak ngelag pakai
positif,1,lebih alam aplikasi bagus tampil mudah erti mudah layan provider
positif,1,aplikasi bantu cocok pasang wifi rumah kendala sinyal suka banget kadang lancar guna
positif,1,mudah aplikasi lambat
negatif,0,aplikasi lambat layan internet tidak stabil putus cepat tidak maksimal
negatif,0,niat tidak bikin jaring bikin emosi pakai indihome provider pasang provider pasang daerah bangkrut
negatif,0,lambat
positif,1,moga cepat
positif,1,aplikasi bantu
positif,1,puas
positif,1,aplikasi bantu banget fitur mudah guna informasi detail tidak ribet
positif,1,bagus mudah banget
positif,1,bantu aplikasi guna wifi indihome cek tagih aja hubung wifi pakai internet enak tambah cepat klik auto kencang tidak ada kendala langsung adu via aplikasi langgan tidak ganggu pokok lancar jaya sukses telkom sukses bumn
positif,1,internet cepat stabil
positif,1,terima kasih
positif,1,advan
negatif,0,aplikasi tolol
negatif,0,aplikasi lambat tidak server bagus tim erti bikin aplikasi bagus
positif,1,aplikasi myindihome rasa manfaat bantu jaring internet rumah alami ganggu tinggal lapor aplikasi tugas hubung tangan bayar tagih mudah praktis terima kasih moga fitur inovatif
positif,1,aplikasi bagus bantu ada ganggu lapor aplikasi myindihome respon langsung tiket lapor hubung indihome
negatif,0,ada menu lapor tulisanya baik
positif,1,mantap bantu
positif,1,guna mudah guna
positif,1,pakai indihome puas
positif,1,puas waspada habis kuota emak senang anak senang
positif,1,bantu
positif,1,mantap pokok indihome indihome
negatif,0,susah banget login kadang jaring tidak ada bincang error
positif,1,internet super kencang anti lambat bayar murah maka puas rekomendasi butuh internet stabil jarang ada ganggu salam anak medan
positif,1,mudah aplikasi lambat
positif,1,mudah pantau tanggal bayar fitur bagus guna
positif,1,aplikasi bantu layan ramah suka banget
positif,1,myindihome aplikasi bantu mudah atur layan indihome muka intuitif fitur lengkap mudah periksa tagih ubah paket layan kelola jadwal teknisi layan langgan responsif alam baik puas kualitas aplikasi senang hati rating bintang myindihome
positif,1,indihome tidak ada lawan hujan panas badai jaring mantap
positif,1,tingkat layan kalah kompetitor paket paket biar langgan tidak kabur kompetitor sukses
positif,1,puas banget pakai indihome layan keluh direspon cepat bagus pokok
positif,1,alhamdulillah pakai indihome internet lancar jaya
positif,1,aplikasi bantu rekomendasi banget
positif,1,aplikasi bantu pakai internet aplikasi tidak ribet pas daftar isi konten aplikasi tarik poin lacak aplikasi indihome tukar bulan merchandise keren keren moga tahan layan baik indihome
positif,1,indihome asik jaring mantap tidak lambat
positif,1,senang banget aplikasi myindihome mudah bayar langgan mudah bantu lihat koneksi ganggu tidak baik
positif,1,aplikasi bagus mudah erti mudah tagih mudah koneksi wifi
positif,1,bagus banget fitur fitur baik
positif,1,suka banget aplikasi wifi lancar lancar indihome jaya
positif,1,mantap mantap
positif,1,myindihome bantu tagih promo ada teknisi ramah cepat tanggap ada ganggu
positif,1,bantu dukung konsultasi jarak ikut tagih biar tidak lebih budget
positif,1,aplikasi bagus
positif,1,aplikasi bantu ada langsung pantau ada ganggu adu cepat promo diskon mudah bayar butuh paket nambah paket suka banget pokok
positif,1,bantu
positif,1,aplikasi bantu tagih bulan bayar mudah bayar tanggal jatuh tempo ada fitur fitur tarik
positif,1,aplikasi bagus mudah guna jelas pilih paket internet mudah guna pilih paket sesuai butuh
positif,1,keren banget mudah paham guna
negatif,0,aplikasi sampah tidak lapor ada ganggu kabel putus bahaya guna jalan
positif,1,aplikasi bantu bagus terima kasih bantu
negatif,0,lag
positif,1,suka banget aplikasi mudah cek koneksi wifi aplikasi mudah erti tagih
positif,1,aplikasi bantu pantau wifi tampil mudah erti paham guna top banget myindihome moga kembang inovasi bidang teknologi
positif,1,moga baik tingkat
positif,1,aplikasi myindihome bantu bayar tagih promo untung layan baik
positif,1,puas
positif,1,bantu layan cepat tidak kantor lapor masalah wifi bonus beli paket
positif,1,mantap
positif,1,bantu
positif,1,aplikasi bantu banget guna kaya gampang guna fitur ada dalam lengkap ada cepat beres rekomen banget
negatif,0,bayar kemarin aplikasi bilang bayar error tidak ada internet parah indihome
positif,1,tampil mudah lengkap
negatif,0,tidak pantau hubung
positif,1,suka banget myindihome bantu guna butuh konsultasi cek tagih mudah layan bagus
positif,1,aplikasi bantu guna ramah promo tarik lihat perangkat hubung wifi
positif,1,aplikasi bantu fitur mudah paham promo tarik keren keren
positif,1,adu aplikasi responsif terima kasih
positif,1,keren aplikasi mudah guna cari pilih paket langgan indihome ecek tagih aplikasi indihome fitur fitur tarik coba
positif,1,aplikasi rekomendasi guna gabung indihome fitur sedia aplikasi bayar pelihara adu wifi kontrol moga promo indihome
positif,1,aplikasi bantu mudah pantau aktivitas koneksi wifi rumah
negatif,0,aplikasi indihome payah ganggu susah buka bagus baru tolong baik kembang aplikasi
positif,1,rekomendasi pasang wifi harga murah langsung aja aplikasi indihome
positif,1,aplikasi keren banget mudah guna
positif,1,aplikasi bagus manfaat fitur fitur ada dalam bantu manfaat
positif,1,bantu aplikasi indihome tambah paket bayar layan ada aplikasi tidak ribet cari telepon teknisi fitur lengkap
positif,1,suka wifinya kencang minim layan cepat
positif,1,aplikasi mudah guna tawar internet tarik fitur fitur mudah guna
positif,1,aplikasi guna fitur fitur ada dalam manfaat
positif,1,mudah erti
positif,1,suka banget pakai indihome bantu jaring lancar banget
positif,1,salah platform internet baik indonesia murah mudah cepat
positif,1,indihome wifi bagus coba jaring bagus banget jarang ada ada tangan cepat baik pokok
negatif,0,ada aja fup beli cepat refreshment koplak tunggu suruh tunggu ada pasti
positif,1,aplikasi myindihome bagus rekomendasi aplikasi mudah guna program layan tarik cek status jaring riwayat guna data perangkat hubung wifi banget pilih fitur
positif,1,pakai indihome bagus banget jaring cepat sinyal bagus enak youtube tidak load pokok cinta indihome
positif,1,guna setia indihome jangkau luas tambah aplikasi milik fitur fitur guna total tagih lapor ganggu bantu aplikasi
positif,1,pakai indihome rumah kadang tidak tau jadwal bayar tagih pakai aplikasi lacak bagus banget manfaat pribadi
positif,1,coba aplikasi bagus banget percik mantap pantau jaring mantap tidak repot lapor ganggu jaring mantap responnya cepat
positif,1,langgan pakai aplikasi beli paket tidak ribet pas maka tolong tahan kualitas aplikasi fitur tambah mudah konsumen
positif,1,puas moga baik baik
negatif,0,kualitas jelek error wifinya tiktok youtube telepon ngegame tidak indihome tidak jawab tidak kasih putus suruh tunggu atas tunggu minggu coba
positif,1,bagus
positif,1,suka ada fitur aplikasi mudah
negatif,0,ulang sinyal turun ngelag lapor ngelag lapor ngelag bosan
positif,1,mantap
positif,1,bagus banget fitur fitur baru nyaman guna aplikasi loading cepat sat set banget bantu banget pokok
positif,1,bagus banget fitur fitur baru nyaman guna aplikasi
positif,1,simpel mudah paham senang puas aplikasi mudah terima kasih indihome
positif,1,puas terkadang putus
negatif,0,ngelag tolol
positif,1,teman pakai indihome tidak nyaman salah pasang nyaman terima kasih indihome moga depan sukses aamiinn
negatif,0,parah denda laku kecewa
negatif,0,login tidak terang ganggu bayar wifi lancar coba daftar alamat email nomor telepon susah daftar gilir login ganggu coba login ganggu parah
positif,1,aplikasi lancar jaya mudah guna promo
negatif,0,susah buka pakai jaring kartu loading
negatif,0,sinyal lambat
negatif,0,bayar lag
positif,1,suka banget tampil aplikasi indihome tidak ribet mudah paham orang tua dijelasin langsung paham mudah banget aplikasi
positif,1,bagus
positif,1,guna aplikasi mudah enak mudah cek tagih tambah ada hadiah
positif,1,lebih bagus aplikasi fitur fitur bantu mudah guna paham bagus kerja myindihome
positif,1,pokok aplikasi bagus banget mudah erti guna aplikasi mudah banget tagih koneksi wifi rumah pokok top mantap
positif,1,manfaat banget fitur mudah erti bantu banget bayar tagih indihome rumah metode bayar gampang
positif,1,aplikasi bantu banget guna mudah tagih ada ganggu adu cepat atas teknisi
positif,1,aplikasi indihome rekomendasi bantu guna ecek tagih daftar mudah
positif,1,aplikasi mudah guna indihome fitur lengkap aplikasi mudah guna tampil mudah paham tidak sesal bintang aplikasi mantap tahan
positif,1,aplikasi bantu beli paket internet pilih sesuai butuh
positif,1,bagus aplikasi bantu
positif,1,guna indihome aplikasi myindihome bantu pantau guna paket beli paket ada ganggu tinggal bikin lapor adu aja mudah banget tidak bikin ribet
positif,1,bantu banget myindihome pantau aktivitas sambung wifi rumah mudah guna
positif,1,suka banget aplikasi mudah beli paket internet
positif,1,layan handal
positif,1,kesini rada lambat moga baik kualitas jaring
positif,1,aplikasi mudah guna pantau guna rumah beli paket internet mudah
positif,1,salah sedia internet murah mudah nyaman praktis jaring kencang kantong aman
positif,1,aplikasi bantu
positif,1,indihome internet baik kampung layan baik koneksi internet kencang
positif,1,indihome bagus banget jarang error sinyal cepat nugas mudah pakai indihome
positif,1,tarik
positif,1,indihome bantu informasi butuh
negatif,0,lambat buka aplikasi
negatif,0,optimalisasi buruk tidak login ada fitur tidak masuk akal pakai cek koneksi tidak masuk aplikasi butuh koneksi internet pakai data tes koneksi tulis tidak hubung jaring jaring wifi lawak mending ganti ada
positif,1,aplikasi guna banget pantau kondisi jaring bantu fitur fitur bagus banget suka banget aplikasi mudah paham moga baik
positif,1,muas
negatif,0,atur lokasi lokasi tidak ada jangkau jaring wilayah camat tetangga ada jaring lewat lokasi bingung
positif,1,guna banget pakai wifi indihome lihat aktivitas koneksi wifinya ada wifi tinggal cepat cepat banget suka
positif,1,guna indihome bantu banget aplikasi fitur fitur ada bantu guna aplikasi gampang pakai tidak error ada
positif,1,koneksi wifi super cepat ada ganggu tarif sesuai kantong tawar program tawar pokok mantap indihome indihome
positif,1,aplikasi mantap banget fitur mudah paham rekomendasi banget aplikasi
positif,1,aplikasi bagus bantu aktivasi internet jaring rumah pokok aplikasi mantap
positif,1,aplikasi mudah guna pantau jaring wifi tidak error baru dompet lengkap bayar
positif,1,alat lengkap mudah paham guna mudah guna
positif,1,keren
positif,1,aplikasi bagus mudah erti mudah guna aplikasi milik desain tarik mata tarik
positif,1,bagus keren lancar manfaat bantu banget guna indihome mantap pokok
positif,1,aplikasi rekomendasi fitur fitur mudah guna paham masyarakat tidak sulit keren indihome
positif,1,aplikasi bagus nyaman aman kualitas ragu
positif,1,mantap
positif,1,keren
positif,1,aplikasi bantu cek tagih bayar langsung minimarket tampil mantap gampang guna
positif,1,fitur fitur aplikasi lengkap tarik cek tagih bayar indihome mudah
negatif,0,mbps main mobile legend ngelag lucu
positif,1,fitur ada bagus guna
positif,1,mantap
positif,1,layan cepat bantu banget kontrol aktivitas wifi rumah tampil gampang paham fitur gampang paham mantap banget
positif,1,alam myindihome bagus bantu koneksi internet rumah
positif,1,pakai indihome jaman korona giat rumah sayang pakai kuota coba pakai indihome setia indihome bagus percaya
positif,1,bantu banget bagus sip keren myindihome
positif,1,layan bagus respon cepat teknisi baik internet lancar
positif,1,aplikasi bagus mudah guna simpel tidak ribet rekomendasi banget terima kasih myindihome
positif,1,aplikasi manfaat kontrol kendala informasi kait jaring wifi rumah fitur fitur ada aplikasi mudah guna paham
positif,1,aplikasi bagus rekomendasi pantau aktivitas koneksi wifi rumah fitur canggih mudah paham erti
positif,1,puas aplikasi bantu mudah paham tidak lambat klik
positif,1,bagus bantu
positif,1,aplikasi bagus tampil mudah aplikasi ecek tagih nonton tv
positif,1,rekomendasi
positif,1,guna aplikasi mudah simpel proses daftar akun mudah
positif,1,bagus
positif,1,aplikasi bantu mudah paham guna
positif,1,suka banget aplikasi indihome tidak ribet ecek bayar tagih layan ramah daftar layan cepat pantau
positif,1,suka banget aplikasi nyaman guna layan lancar aman kendali cepat banget rekomendasi
positif,1,aplikasi bagus banget bantu kontrol wifi rumah
positif,1,suka banget aplikasi mudah cek tagih bayar tidak ribet
positif,1,bantu langgan bayar tagih bulan ada tidak antara sip
positif,1,senang banget pakai myindihome lancar jaya stabil banget pokok rekomendasi banget
positif,1,aplikasi myindihome mudah paham bantu fitur dalam mudah penuh butuh wifi beli paket lapor ada promo telkom ada aplikasi myindihome wifi indihome tidak aktif myindihome pasang fitur mudah tinggal klik tuhan kerja myindihome
positif,1,sekian pilih myindihome jaring super cepat ada mana aplikasi simpel banget gampang guna
negatif,0,aplikasi loading lambat banget mohon tingkat
positif,1,suka banget pakai aplikasi tidak lambat rekomendasi banget
positif,1,mudah banget bantu langgan indihome ecek tagih kendala jaring
negatif,0,henti pasang sulit
positif,1,puas langgan indihome respon cepat ada ganggu internet lancar
positif,1,myindihome akses mudah langgan konten hibur suka promo pilih
positif,1,aplikasi mudah informatif
positif,1,aplikasi mudah guna proses bayar tidak ribet
negatif,0,tolong server aplikasi bagus kadang internet lancar susah buka aplikasi
positif,1,tampil aplikasi tarik fitur mudah paham bantu banget langgan indihome
positif,1,aplikasi manfaat
positif,1,aplikasi mudah guna bantu fitur fitur myindihome
negatif,0,aplikasi lambat giat laku aplikasi ada tulis maaf tingkat lay coba tidak baik
positif,1,aplikasi bagus banget mudah bayar
positif,1,aplikasi simpel manfaat daftar akun cepat gampang tidak tunggu ribet suka desain aplikasi bersih banget tidak ada ngelag
positif,1,aplikasi mudah guna bayar tagih wifi gampang adu operator poin hadiah tarik
positif,1,alhamdulillah mudah
positif,1,aplikasi mudah bayar mantap pokok
positif,1,indihome mudah bayar
positif,1,bantu
positif,1,mantap bagus banget tidak biar bintang bicara
positif,1,aplikasi bagus tidak lambat wifi kencang baik pokok tidak kecewa indihome
positif,1,aplikasi bangun banget suka banget bantu wifi aplikasi mudah erti
positif,1,aplikasi bagus banget bantu teman teman pakai indihome keren pokok
positif,1,bantu langgan indihome lapor ganggu cek tagih terima kasih indihome
positif,1,suka banget myindihome bantu pantau aktivitas koneksi wifi rumah layan ramah cepat fitur aplikasi mudah banget paham keren banget
positif,1,aplikasi bagus bantu bayar bulan moga tingkat layan
positif,1,mantap
positif,1,aplikasi mudah guna layan ramah
negatif,0,error
positif,1,lengkap fitur bagus bantu
positif,1,aplikasi mudah banget guna untung poin kumpul banget
positif,1,myindihome gampang banget guna tampil aplikasi bagus
positif,1,aplikasi bantu pantau guna wifi rumah tv kabel bagus
positif,1,aplikasi indihome bantu banget atur jaring internet fitur fitur bantu
positif,1,myindihome bantu banget tampil aplikasi cakep banget mudah erti mantap pokok
positif,1,keren myindihome ada aplikasi adu tidak telepon fitur keren pokok myindihome
positif,1,aplikasi bantu fitur restart modem analisa ganggu ambil tiket komplain fitur ubah password wifi reset password username modem router aplikasi atur
positif,1,internet keren banget tidak pengaruh cuaca cerah hujan jaring cepat internet tidak pengaruh stabil jarang banget ada ada respon indihome cepat respon tidak tunggu langsung tangan rekomendasi banget tambah ada promo aplikasi tukar poin untung pokok cinta banget indihome
positif,1,bagus bagus sedia qris menu bayar
positif,1,myindihome bantu aktivitas hari cepat internet stabil butuh dunia maya lancar tampil aplikasi myindihome mudah operasi
positif,1,pokok mantap pakai indihome ada kendala
positif,1,tingkat
positif,1,aplikasi berat bagus layan adu aplikasi gerak cepat
positif,1,alhamdulillah aplikasi jalan lancar tidak ada kendala bantu guna jaring wifi indihome pokok mantap aplikasi
positif,1,gampang cepat tangan ada ganggu
positif,1,aplikasi bantu ecek koneksi wifi mudah akses fitur fitur mudah paham
positif,1,aplikasi indihome bantu cek bayar cek pakai aplikasi bagus banget
positif,1,indihome mudah bayar tagih info promo program indihome mantap jos
positif,1,mantap banget pakai indihome sekolah semester ganggu tidak ada aplikasi tambah fitur perangkat hubung aju klaim ganggu jarang ada bug sukses harap harga turun guna tertawa
negatif,0,bayar masuk
positif,1,baik isp baik layan baik produk baik layan broadband internet jaya telkom indonesia bumn indonesia
negatif,0,asli enak pakai indihome kualitas enak lambat harga kandang tidak sesuai prabayar moga lot rang
positif,1,suka
positif,1,baik indihome tidak ada moga baik depan moga untung kasih diskon
positif,1,aplikasi mudah akses fitur mudah guna paket tawar agam tawar tarik guna mes paket internet
positif,1,suka banget aplikasi indihome tidak ribet ecek bayar tagih layan ramah daftar layan cepat pantau
positif,1,aplikasi baik bagus fitur fitur dalam mudah guna
positif,1,mantap
negatif,0,lambat parah layan tingkat tinjau bagus tidak rekomendasi layan pas tidak loading pesan otomatis tingkat layan turun layan maaf fakta
positif,1,aplikasi myindihome mudah aktivasi layan video streaming disney hotstar
positif,1,mantap
negatif,0,lambat aja susah banget
positif,1,jaring stabil lancar indihome mantap jos cepat
positif,1,bagus
negatif,0,layan pasang lambat salesnya cuek data lengkap
positif,1,mantap
positif,1,aplikasi myindihome keren banget fitur bantu bantu fitur bantu ada kendala tidak teknisi myindihome bantu beres bebas biaya
positif,1,bantu
positif,1,muas bantu aktivitas hari tugas respon cepat bantu jelas terima kasih indihome setia lancar aktivitas
positif,1,mantap aplikasi bagus gampang lapor ganggu cek pakai internet
negatif,0,jelek
positif,1,bagus
positif,1,bantu
positif,1,mantap
positif,1,mudah layan lengkap muas
negatif,0,lapor ganggu tidak pakai aplikasi gagal tidak guna tidak guna ujung ujung telepon pakai pulsa aplikasi tidak mudah langgan kecewa bumn
positif,1,bagus
positif,1,mantap
positif,1,mudah banget pakai myindihome akses daftar ada kendala langsung cepat respon proses teknisi pantau aplikasi
positif,1,suka mudah fitur tidak bingung fungsi myindihome rasa keluarga
positif,1,aplikasi bagus fitur fitur lengkap bantu
positif,1,aplikasi mudah akses rinci detail tagih banget pilih hadiah promo terima kasih indihome
positif,1,fitur fitur keren aplikasi bantu guna indihome mantap tidak ada kendala
positif,1,bantu banget aplikasi
negatif,0,jaring jelek bulan bayar ribu nonton anime aja lag pakai pc hp
negatif,0,aplikasi baik layan bulan
positif,1,mantap tawar lengkap langgan aplikasi premium suka streaming
positif,1,tampil aplikasi tarik bagus rekomendasi banget mudah cari pilih paket langgan indihome serta agam layan digital tarik aktivasi layan video streaming disney hotstar
negatif,0,instal kesal lihat indihome kali mohon tidak layan instal aplikasi kosan ada indihome
positif,1,aplikasi bagus fitur lengkap cek tagih bayar mudah rekomen tolong tahan tingkat
positif,1,suka banget aplikasi bantu banget lancar menang terima kasih
negatif,0,coba tolong tawar telepon pinjol aja ganggu
positif,1,bagus provider
positif,1,suka banget mudah jaring internet fitur bantu
positif,1,aplikasi bantu guna indihome tampil guna ramah tidak berat tagih rekomendasi aplikasi
positif,1,aplikasi mudah bayar baru cepat pasti fitur bagus
positif,1,aplikasi manfaat fitur tawar kreatif agam jadi guna mudah giat transaksi
positif,1,mantap
positif,1,baik
positif,1,bagus
positif,1,mantap
positif,1,indihome baik terima kasih
positif,1,bagus mudah info tagih ayo tingkat layan biar depan
positif,1,bagus
positif,1,aplikasi mudah paham orang orang awam cepat internet indihome lumayan cepat
positif,1,suka banget aplikasi bantu pantau wifi tampil ui ux tarik tidak bikin bosan
positif,1,bagus aplikasi bantu masalah wifi rumah
positif,1,muas langgan indihome layan online kantor lancar kendala jaring internet mantap
positif,1,suka banget indihome layan ramah cepat respon bantu kendala wifi rumah jaya indihome
negatif,0,tidak tidak aktif paket
negatif,0,buruk banget minggu tidak buka
positif,1,bagus banget aplikasi myindihome fasilitas mantap suka promo pusat bantu layan cepat tuju pokok lihat pakai bulan hp aja suka banget terima kasih myindihome
positif,1,aplikasi guna banget fitur gampang guna rekomendasi banget
positif,1,bagus
positif,1,mantap
positif,1,aplikasi myindihome bantu tagih bulan ada ganggu langsung hubung layan konsum aplikasi promo dapat tukar poin myindihome pokok top terima kasih myindihome
positif,1,aplikasi bantu cepat proses baik ada kirim minta langsung besok telepon cs mantap pokok aplikasi guna guna wifi penuh tagih bulan terima kasih kak
positif,1,bantu moga gampang untung isi saldo myindihome internet stabil gampang bayar
negatif,0,rumit
positif,1,sumpah semenjak pakai indihome pakai aplikasi indihome serba mudah tidak pergi bayar indihome bayar pakai hp bantu gen
positif,1,bantu
positif,1,puas
positif,1,bagus
negatif,0,aplikasi bantu tidak ada pusat bantu suruh telepon masalah habis pulsa
positif,1,bantu rumah wifi error gerak cepat langsung lancar baik banget
positif,1,lengkap manfaat
negatif,0,internet buruk
positif,1,aplikasi bagus guna indihome pantau koneksi wifi jaga jaga ada
positif,1,aplikasi indihome bantu banget bayar tagih tampil enak tidak bikin pusing
positif,1,suka aplikasi bantu wifi lambat error
negatif,0,layan payah ada ganggu susah lapor
positif,1,sip mantap ada ganggu langsung tangan
negatif,0,bayar mahal mahal baik lambat ampun minimal stabil mbps mbps guna jarang pakai sekali pakai lambat
positif,1,bagus layan cepat
positif,1,bagus banget aplikasi lihat sisa kuota cek pakai wifi jarak bagus pokok sukses indihome pakai indihome tidak takut ngelag ig jaring bagus ada pilih paket mantap pokok
positif,1,sensasi selancar internet yahud pakai provider seluler putus langgan indihome biar akses internet ganggu terima kasih indihome
positif,1,bagus koneksi hubung wifi adu cs baik cepat respon
positif,1,indihome bantu masyarakat kendala tidak ada jaring tolong jaring nikmat jaring indihome tunggu berita
positif,1,anti lambat mudah paham mudah ecek wifi rekomendasi
positif,1,puas
positif,1,bantu kondisi wifi fitur lengkap simpel tidak lambat rekomendasi
positif,1,ganggu cepat atas
positif,1,inti indihome bantu terima kasih indihome
positif,1,aplikasi manfaat banget tampil simpel tarik responnya cepat
positif,1,bantu
positif,1,aplikasi bantu banget guna awam fitur bagus mudah erti
positif,1,aplikasi bagus rekomendasi aplikasi bantu pantau wifi mudah cepat koneksi lancar layan top
positif,1,bantu
positif,1,baik wujud komitmen telkom layan baik guna indihome maju telkom maju indonesia
positif,1,langgan indihome harga murah jaring lancar pokok mantap banget
positif,1,bagus
positif,1,aplikasi myindihome bantu ada keluh aplikasi panggil teknisi mudah guna fitur mudah paham terima kasih myindihome
positif,1,aplikasi myindihome mudah tau harga paket internet tawar baru monitor guna kapasitas guna pokok mantap myindihome mudah
positif,1,aplikasi guna tidak lambat tidak makan ruang simpan ukur file tidak bantu awam fitur fitur lengkap mudah paham
positif,1,mantap
positif,1,layan ramah muas
positif,1,bantu hidup hari
positif,1,cepat internet cepat stabil layan langgan responsif bantu selesai
positif,1,layan ramah
positif,1,aplikasi keren banget layan super cepat ramah banget enak pantau wifi rumah tidak ribet tampil mantap banget mudah paham
negatif,0,jaring lambat anjing
positif,1,pasang indihome promo murah banget aplikasi mudah guna jaring ngebut alat bagus top banget indihome
positif,1,layan cepat
positif,1,tingkat layan moga sukses
negatif,0,adu layan tidak hubung layan wifi putus indihome jelek jaring
positif,1,layan ganggu cepat atas
positif,1,bagus
positif,1,mantap bos bantu
positif,1,bantu mudah guna indihome informasi aplikasi
negatif,0,aplikasi lambat bikin lapor ganggu lambat tidak kirim
negatif,0,langgan kesini bagus layan lambat kerja ganggu pribadi tidak rekomendasi koneksi stabil mending pakai provider belah murah tidak murah serius
positif,1,aplikasi bantu
positif,1,internet tidak batas cepat
positif,1,coba provider internet indihome firstmedia republik rumah kantor indihome baik stabil jaring tangan keluh segi harga jangkau pilih paket sesuai butuh pribadi langgan indihome rekomendasi
positif,1,bagus
positif,1,aplikasi myindihome mudah guna program layan tarik cek perangkat hubung wifi cek status jaring rekomendasi banget
positif,1,terima kasih saran tindak utama layan
positif,1,mantap
positif,1,aplikasi ringan mudah guna tampil tarik ada promo mudah banget cek cek riwayat tagih
positif,1,suka banget myindihome mudah pantau baik pokok
positif,1,puas banget aplikasi informasi lengkap jelas ui guna ramah
negatif,0,selamat pagi kak bang admin internet tidak kece ganggu solusi tidak pas baik kali aja tidak ganggu kualitas jelek aja telpon rusa
positif,1,indihome bagus lancar jaring
positif,1,jos
negatif,0,buka myindihome pakai android jaring error tidak jalan pakai iphone paksa tutup
positif,1,bantu
positif,1,aplikasi mudah akses mana cek perangkat hubung fitur penting mudah paham bagus kerja myindihome
positif,1,layan bagus tidak ada ganggu sistem layan cepat tanggap langsung eksekusi wifi lancar sukses myindihome
positif,1,internet cepat stabil cocok rekomendasi wifi rumah kantor
positif,1,terima kasih aplikasi myindihome baik top pokok
positif,1,tambah opsi blokir guna perangkat hubung
positif,1,terima kasih moga stabil
positif,1,bagus bantu
positif,1,kualitas koneksi jaring bagus fitur informasi guna wifi bayar mudah paham kali transaksi poin tukar voucher keren indihome
positif,1,aplikasi bantu pilih paket mudah ribet rumah jaring indihome lancar moga tahan tingkat
positif,1,aplikasi bagus mudah guna mula
positif,1,bantu kece mudah bayar langgan bulan
positif,1,aplikasi bagus guna ramah mudah guna orang
positif,1,aplikasi nyaman pakai rekomendasi baik
positif,1,jaga kualitas
positif,1,jaring internet anti lambat harga paket langgan murah
positif,1,bagus banget sesuai tinjau teman teman jaring lancar streaming tidak sesal
positif,1,respon cepat mudah rekomendasi aplikasi guna indihome
negatif,0,mahal tidak jamin kualitas sinyal baik banyak lot adu kualitas sinyal langsung ada tindak tim lapang indihome sakit aju benah jaring jaring stabil tidak ada upaya jaga kualitas sinyal baik ada lapor keluh
negatif,0,malam internet tidak akses bayar tagih mahal mahal kualitas sampah
positif,1,bantu terima kasih
positif,1,baik
positif,1,aplikasi bantu
negatif,0,tidak hubung nomor indihome
positif,1,cs atas baik cepat
positif,1,layan ganggu cepat selesai
positif,1,ganti password router lupa sandi
positif,1,terima kasih aplikasi bantu mudah guna pokok top
positif,1,respon cepat lapor langsung tangan cepat
positif,1,aplikasi mudah kalang akses fitur sedia indihome
positif,1,layan nyaman jaring super cepat kendala terima kasih ucap langgan guna
positif,1,mantap
negatif,0,adu masalah rumit aplikasi lambat wifi hari tidak guna
positif,1,bagus
positif,1,mantap pakai indihome
positif,1,bagus aplikasi bantu informasi akurat
positif,1,terima kasih
positif,1,tolong aktif bayar saldo indihome
positif,1,tidak ada kendala apa suka banget aplikasi
negatif,0,mahal lag tertawa aneh tidak nyaman main
positif,1,jaring stabil harga jangkau pokok bantu selesai tugas kuliah kerja
positif,1,mantap
positif,1,sinyal stabil adu ganggu cepat ditindaklanjuti top mantap pokok
negatif,0,kecewa login aja susah
positif,1,pakai aplikasi bantu banget pantau koneksi wifi
negatif,0,aplikasi sulit langgan kesini ribet
negatif,0,lambat
negatif,0,koneksi buruk bayar tagih sesal henti mantap indihome
positif,1,bagus
positif,1,pokok layan layan baik langgan indihome
positif,1,mantap
negatif,0,kecewa teknisi indihome pasang wifi tidak kendala jarak tetangga rumah ada pasang kecewa sumpah teknisi tidak utama konsumen
negatif,0,aplikasi manfaat tidak fungsi mesti bug ada menu respon lambat log otomatis login password salah reset ulang password maaf tingkat layan silah coba coba reset password masuk password password masuk pakai ganti ulang akun blokir parah ribet mudah tuju
negatif,0,puas tv tidak film batas mahal batas
positif,1,bantu
negatif,0,aplikasi lambat fitur peduli bikin proses lapor admin respon lambat kembali fitur aja
negatif,0,aplikasi tidak guna tingkat layan kaya
negatif,0,unduh loading super buka aplikasi
positif,1,layan cepat
negatif,0,tidak guna
negatif,0,aplikasi putar wifi indihome ada masalah hubung panggil pusat tidak
positif,1,aplikasi tarik fitur guna mudah erti pilih paket internet langgan indihome enak banget
positif,1,mantap
negatif,0,aplikasi busuk ampas masuk password tidak masuk aplikasi ampas
positif,1,layan bagus sinyal stabil cepat
negatif,0,tugas tidak responsif sinyal hilang
negatif,0,lambat lambat lamban bayar mahal
negatif,0,aplikasi lambat segar
positif,1,aplikasi bagus banget tidak ada lambat pas daftar tidak bikin pusing simpel banget
positif,1,alhamdulillah
positif,1,mantap
positif,1,mudah guna terima kasih myindihome
positif,1,bagus
positif,1,paket komplit internet acara tv variatif langgan indihome toko rumah keluarga rekomendasi nyaman fasilitas
negatif,0,lambat buka aplikasi pelihara
negatif,0,aplikasi sungguh sungguh lambat
positif,1,bagus kerja moga kuat jaring
negatif,0,payah
positif,1,myindihome aplikasi guna guna layan indihome fitur guna muka intuitif mudah guna aplikasi alam positif guna indihome
positif,1,kasih bintang
positif,1,ganti hp tidak buka mohon bantu
positif,1,mantap muas indihome terima kasih
negatif,0,capek pakai indihome telat bayar denda internet isolir bener bikin bosan denda denda aja isolir tidak pakai tidak denda provider auto pindah lambat hari tidak ada kompensasi bener kapok pakai indihome
negatif,0,jelek aplikasi jam buka loading ganti pakai jaring data
positif,1,muas ada kendala apa cepat baik harga jangkau kuat jos gandos
negatif,0,layan buruk pindah bayar ribu model suruh ambil gila bayar pindah gratis tidak ambil bayar bagus ribu harus pindah pindah nama pindah jelek
negatif,0,lambat banget aplikasi loadingnya tukar poin muncul awat
positif,1,mantap
positif,1,ada
positif,1,bantu
positif,1,alhamdulillah semenjak ada indihome tau batas kuota pakai aja pakai tau batas fup tau cepat turun cerdas guna teman
positif,1,indihome bantu jaring cepat nyaman drakor
positif,1,mudah myindihome aplikasi mobile guna langgan nikmat layan indihome genggam aplikasi myindihome baru hadir opsi layan indihome tarik baik segi fitur tampil aplikasi usung konsep gembira langgan
negatif,0,ngelag aplikasi kontol
negatif,0,aplikasi lambat
negatif,0,poin tidak nambah
positif,1,senang selancar
negatif,0,aja pasang hari wifi lambat anjing
positif,1,indihome jos harga murah sinyal jos sesal pakai indihome
negatif,0,kesal banget layan
negatif,0,buruk
negatif,0,tanggal total mati biar lihat tagih indihome
positif,1,aplikasi cocok guna indihome mana aplikasi lengkap mudah erti guna top top top
positif,1,mantap informasi lengkap terima kasih bantu
positif,1,mantap
positif,1,puas fitur ada indihome gampang bayar tagih baru cepat
positif,1,mudah guna mudah
negatif,0,pakai indihome lambat
positif,1,mudah langgan indihome
negatif,0,kasih rating sinyal tidak ada lapor pakai myindihome tidak kasih paham
positif,1,daftar pasang admin teknisi ramah cepat respon terima kasih sukses indihome
positif,1,baik kerja erti langgan cepat tanggal hadap alami langgan
positif,1,bagus langgan moga tingkat layan
positif,1,langgan indihome hemat banget jaring kencang sosmed
positif,1,keren aplikasi tidak ribet bayar tagih indihome alfa aplikasi aja transfer pakai mbanking
negatif,0,komplain kali kali hasil mbps tidak bayar pakai chat
positif,1,bantu giat hari
positif,1,aplikasi padan banget mudah guna indihome janji teknisi online keren banget promo tarik
positif,1,rekomendasi mudah guna bantu
positif,1,aplikasi keren mem aktivitas koneksi jaring wifi rumah mudah akses guna bantu
negatif,0,maaf tidak tolong wifi lambat diupgrade mbps mbps tidak ada ubah bantu cs ditindaklanjuti alih teknisi lambat tidak cs tidak teknisi dua lambat sengaja komentar terbit tidak langsung cs biar baca kali pasang wifi pikir
negatif,0,ngelag wifi tidak jelas
positif,1,semenjak ada aplikasi mudah layan cepat ramah suka banget
positif,1,mudah
positif,1,teknisi bagus kerja
negatif,0,lambat banget jelek aplikasi
negatif,0,mantap
positif,1,bantu guna sarana komunikasi
positif,1,balas lambat sulit komunikasi aplikasi cacat
negatif,0,bagus
positif,1,langgan usaha umkm ada mudah biaya bonus lebaran tidak ada tahun tidak ada hadiah mohon timbang biar solid partner
negatif,0,aplikasi produk sulit guna fitur bantu lancar fitur tagih
negatif,0,sinyal tidak ada kembang tolol
negatif,0,baik
positif,1,rekomendasi
positif,1,indihome bantu layan baik internet cepat
positif,1,mantap pokok
positif,1,suka aplikasi bantu pantau wifi rumah cs cepat respon aplikasi tidak ngelag ngelag mantap myindihome
positif,1,aplikasi bantu kendala perlu myindihome mudah fitur mula cepat respon tangan
positif,1,aplikasi bagus tampil mudah paham rekomendasi bantu banget
positif,1,pakai bantu banget biar irit paket top banget indihome
positif,1,baik
positif,1,tidak baru cepat
positif,1,moga amanah
positif,1,bagus banget komplain cepat tanggain
positif,1,ikut saran aplikasi
positif,1,mantap
positif,1,aplikasi indihome mudah tinggal klik beres rumah kontak orang pokok sip pakai aplikasi indihome rumah promo berita ada myindihome indihome baik tingkat layan semangat sukses indihome baik
positif,1,bagus aplikasi
positif,1,bagus tarik
positif,1,solusi ganggu lambat cepat
negatif,0,bantu myindihome mudah cek sinyal layan daerah fitur mudah guna
positif,1,layan myindihome cepat respon ada kendala langsung direspon pantau koneksi jaring aplikasi
positif,1,mudah guna
positif,1,aplikasi mudah guna guna wifinya error pantau jaring mudah bayar
positif,1,cepat tanggap
positif,1,terima kasih
positif,1,internet rumah indihome cepat stabil acara tv lengkap lengkap banding ganggu jarang hitung jari gabung cepat lancar komplain cs pokok baik internetan indihome
positif,1,indihome jaring bagus langgan puas indihome
positif,1,maman makan atap mantap
positif,1,bingung guna rumah bagi perangkat
positif,1,terima kasih indihome
positif,1,tidak jelas aplikasi unduh tolong sistem baik bayar indihome
negatif,0,sinyal kadang suka lambat pakai tidak bayar mahal sinyal jelek bayar bisa tidak ada sinyal putar aja nonton youtube tolong bagus baik bayar mahal
negatif,0,bagus banget
positif,1,lambat banget anjing
negatif,0,akses belit belit
negatif,0,teknisi indihome responsif cepat selesai terima kasih
positif,1,indihome jaring baik
positif,1,aplikasi bug gagal lapor bantu lambat banyak loading layan lambat
negatif,0,bug
negatif,0,lancar moga kualitas bagus
positif,1,bagus
positif,1,buruk
negatif,0,bagus
positif,1,harga elit pasang sulit
negatif,0,suruh login ulang aplikasi ganggu cek bayar susah
negatif,0,kualitas internet mantap layan cepat
negatif,0,aplikasi berat ganti alat tidak responsif muter aja
negatif,0,jaring fiber informasi cepat
positif,1,tampil mudah paham baik biar responsif
positif,1,manfaat guna myindihome mula fitur fitur sedia aplikasi myindihome pada tidak sesal unduh
positif,1,mohon bantu lambat tangan kasih lapor tidak ada respon mohon bantu
negatif,0,sumpah masuk aplikasi aja ampun jaring bagus aja putar
negatif,0,loading
positif,1,mantap
positif,1,langgan jaring teras rumah susah bagus
negatif,0,bagus
positif,1,ganti password wifi
negatif,0,error buka atur wifi
negatif,0,aju keluh ada tugas indihome langsung gerak cepat rumah baik bintang
positif,1,terima kasih aplikasi bantu banget adu tanggap cepat cek bayar internet masuk cek guna internet promo streaming top
positif,1,layan buruk
negatif,0,lambat banget tolong baik aplikasi
negatif,0,aplikasi bagus fitur ada poin tukar hadiah internet ganggu cek aplikasi aplikasi manfaat banget
positif,1,jatuh tempo bayar indihome bagus tingkat
positif,1,bagus aplikasi cek status tagih internet rumah
positif,1,mantap fitur lengkap kerja bagus indihome
positif,1,dunia internet terima kasih indihome
positif,1,manfaat
positif,1,aplikasi baik loadingnya cepat tidak lag bagus butuh aplikasi lag ribet teman
positif,1,aplikasi bantu tugas kerja sinyal stabil mudah guna jaring wifi baik
positif,1,indihome baik pokok moga
positif,1,aplikasi mudah bayar rumah layan cepat puas aplikasi
positif,1,sinyal minggu minggu mantap lancar lambat
negatif,0,mantap daftar pasang wifi mudah promo
positif,1,telat bayar jam langsung isolir bayar ganggu indihome bijak ganggu aja
negatif,0,top indihome tingkat kualitas mantap
positif,1,profesional mudah
positif,1,aplikasi kocak tidak guna buka aplikasi loading pakai sinyal wifi indihome kocak
negatif,0,responsif banget
positif,1,suka aplikasi
positif,1,internet kontent tidak detail rinciannya tidak jelas
negatif,0,mantap
positif,1,mantap
positif,1,alhamdulillah langgan indihome layan baik bantu
positif,1,jelek banget buka susah aplikasi buka tidak verifikasi data pakai
negatif,0,bagus
positif,1,aplikasi mudah guna fitur tidak ribet layan ramah gerak cepat pilih metode bayar
positif,1,layan tampil mudah erti temu jaga bagus kerja
positif,1,aplikasi responsif mudah mula ada metode bayar
positif,1,mula aplikasi mudah paham jaring alhamdulillah jarang error error tidak mantap
positif,1,aplikasi bantu guna indihome jaring lancar produk internet lengkap sesuai butuh
positif,1,aplikasi bantu layan mantap tampil mudah erti pokok rekomendasi banget
positif,1,aplikasi indihome bagus guna jaring lancar banget bantu bagus guna mula
positif,1,lambat
negatif,0,cinta banget indihome jaring mantap mudah tugas ajar layan ramah harga ramah banget kantong ajar
positif,1,bagus banget rekomendasi suka main game nonton film tidak habis kuota harga jangkau
positif,1,tugas indihome ramah layan tagih ganggu internet langgan puas indihome fitur fitur aplikasi indihome mudah ecek tagih poin dapat tukar hadiah tarik
positif,1,layan cepat
positif,1,bagus aplikasi bantu langgan ada pricelist
positif,1,jaring bagus cepat harga jangkau kualitas jaring mantap kadang ada ganggu sinyal tidak bintang pokok
positif,1,aplikasi
negatif,0,seringkali sulit akses masuk aplikasi bayar lambat respon aplikasi transaksi hasil info dashboard tidak langsung baru segar tau bayar hasil
negatif,0,layan prima aplikasi myindihome adu ganggu modem direspon indihome jam teknisi atas ganggu baik
positif,1,cepat proses layan
positif,1,aplikasi indihome perangkat hubung web tarik bayar tagih aplikasi indihome baik
positif,1,aplikasi ribet ajar aple aplikasi
negatif,0,tidak aplikasi indihome isi berat akses loading muncul pop maaf tingkat buka anjing kesal
negatif,0,ada fup pilih provider langgan tinggal pilih baik ada batas fup mending ganti provider
negatif,0,rugi atur untung indihome telat bayar wifi mati kena denda bayar wifi tidak langsung nyala pakai wifi bayar sumbang atur sisi untung langgan
negatif,0,terima kasih indihome pasang indihome rumah istri anak bantu terima kasih
positif,1,bantu layan baik ada kendala cepat tangan terima kasih
positif,1,lambat baru mbps pakai orang lambat main ganggu kena cas gilir telat bayar tidak ada dispensansi rugi hr ganggu
negatif,0,aplikasi mantap komplit pasang layan ganggu tambah cepat bayar tagih langsung aplikasi metode bayar lengkap
positif,1,layan prima
positif,1,baik pokok respon cepat banget malam adu pagi pagi teknisi mantap
positif,1,aplikasi myindihome rekomendasi fitur tarik gampang mudah langgan pantau biaya bayar guna data fitur promonya terima kasih indihome moga depan lancar jaya
positif,1,orang orang jaring wifi lancar lancar sinyal lag parah ping turun main game
negatif,0,bantu dunia jaring
positif,1,mantap
positif,1,baik
positif,1,lambat mbps kencang lancar
negatif,0,langgan indihome langgan indihome butuh internet keluarga kontrol tidak boros biaya kuota aplikasi myindihome bagus butuh internet keluarga lengkap ada aplikasi myindihome cepat internet bagus layan pasang ramah terima kasih indihome
positif,1,bantu
negatif,0,jaring ngebut landa hujan badai angin ribut
positif,1,aplikasi tolol lambat banget
negatif,0,rekomendasi banget pakai indihome harga jangkau cepat bagus jangkau jaring luas stabil promo koneksi ada mana respon sales teknisi cepat baik apa keluh cepat atas untung pindah layan internet indihome
positif,1,nyaman pakai indihome ditawarin ganti langsung nomor aplikasi myindihome mudah langgan ganggu moga baik layan indihome
positif,1,menu adu layan tidak klik adu ganggu
negatif,0,jos
positif,1,baru baru indihome aplikasi mantap banyar fitur promo tarik